637760,C1=CC=C(C=C1)/C=C/C(=O)C2=CC=CC=C2
12051732,CCC1=C(/C(=C/Br)/OC1=O)Br
121922,C=CCS(=O)CC(C(=O)O)N
350625,CCCS(=O)CC(C(=O)O)N
15882442,CCCCCCC1=CC(=O)OC1=O
5367146,C1=CC=C(C=C1)C(=O)/C=C/C2=CC=CC=C2O
3821570,CCOC1=C(C=CC(=C1)C=C2C(=O)N(C(=S)S2)C3=CC(=CC=C3)F)O
72036004,CCOC1=C(C=CC(=C1)C=C2C(=O)N(C(=S)S2)C3=CN=CC=C3)O
65036,C=CCSS(=O)CC=C
46912756,CCCCCCC1=C(C(=C)OC1=O)Br
5358381,C1=CC=C(C=C1)C(=O)/C=C/C2=CC(=CC=C2)O
5367166,COC1=CC=CC(=C1)/C=C/C(=O)C2=CC=CC=C2
5377022,C1=CC=C(C=C1)C(=O)/C=C/C2=CC=C(C=C2)Cl
69140,C1=CC=C2C(=C1)C(=CC=N2)Cl
5282361,C1=CC=C(C=C1)C(=O)/C=C/C2=CC=C(C=C2)O
641819,COC1=CC=C(C=C1)/C=C/C(=O)C2=CC=CC=C2
66593,C1=CC2=C(C=C1Cl)NC=CC2=O
1990,CC(=O)NO
5484726,C1CC(=O)C2=C1C3=C(C4=C(C=C3O)O[C@@H]5[C@H]4C=CO5)OC2=O
10207,C1=CC2=C(C(=C1)O)C(=O)C3=C(C2=O)C=C(C=C3O)CO
5281650,CC(=CCC1=C(C2=C(C=C1O)OC3=C(C2=O)C(=C(C(=C3)O)OC)CC=C(C)C)O)C
6654,CC1=CCC2CC1C2(C)C
37768,C1[C@@H]([C@H]([C@@H]([C@H]([C@@H]1NC(=O)[C@H](CCN)O)O[C@@H]2[C@@H]([C@H]([C@@H]([C@H](O2)CO)O)N)O)O)O[C@@H]3[C@@H]([C@H]([C@@H]([C@H](O3)CN)O)O)O)N
4649,C1=CC(=C(C=C1N)O)C(=O)O
33613,CC1([C@@H](N2[C@H](S1)[C@@H](C2=O)NC(=O)[C@@H](C3=CC=C(C=C3)O)N)C(=O)O)C
6249,CC1([C@@H](N2[C@H](S1)[C@@H](C2=O)NC(=O)[C@@H](C3=CC=CC=C3)N)C(=O)O)C
166548,CCCCCOC1=CC=C(C=C1)C2=CC=C(C=C2)C3=CC=C(C=C3)C(=O)N[C@H]4C[C@H]([C@H](NC(=O)[C@@H]5[C@H]([C@H](CN5C(=O)[C@@H](NC(=O)[C@@H](NC(=O)[C@@H]6C[C@H](CN6C(=O)[C@@H](NC4=O)[C@@H](C)O)O)[C@@H]([C@H](C7=CC=C(C=C7)O)O)O)[C@@H](C)O)C)O)O)O
6776,C1=CC2=C(C=C1O)C(=O)C3=C(C2=O)C=C(C=C3)O
5459842,C1=CC=C(C(=C1)C(=O)[O-])N
446576,[B-]1(O[C@@]2([C@](O1)([C@H](CO2)O)O)C)(O)O
9835049,C1C[C@H](N2C[C@@H]1N(C2=O)OS(=O)(=O)O)C(=O)N
15574941,CC1([C@@H](N2[C@H](S1)[C@@H](C2=O)NC(=O)[C@@H](C3=CC=CC=C3)N=[N+]=[N-])C(=O)O)C
6479523,CC1([C@@H](N2[C@H](S1)[C@@H](C2=O)NC(=O)[C@@H](C3=CC=CC=C3)NC(=O)N4CCNC4=O)C(=O)O)C
441397,CCOC(=O)OC(C)OC(=O)[C@H]1C(S[C@H]2N1C(=O)[C@H]2NC(=O)[C@@H](C3=CC=CC=C3)N)(C)C
5388906,CN(C)CC[C@@](C1=CC=CC2=CC=CC=C21)([C@H](C3=CC=CC=C3)C4=C(N=C5C=CC(=CC5=C4)Br)OC)O
25137901,CC1([C@@H](N2[C@H](S1)[C@@H](C2=O)NC(=O)CC3=CC=CC=C3)C(=O)[O-])C.CC1([C@@H](N2[C@H](S1)[C@@H](C2=O)NC(=O)CC3=CC=CC=C3)C(=O)[O-])C.C1=CC=C(C=C1)C[NH2+]CC[NH2+]CC2=CC=CC=C2
7187,C1=CC=C(C=C1)C(=O)OOC(=O)C2=CC=CC=C2
5904,CC1([C@@H](N2[C@H](S1)[C@@H](C2=O)NC(=O)CC3=CC=CC=C3)C(=O)O)C
10178705,C1CCN(C[C@@H](C1)N)C2=C(C=C3C(=C2Cl)N(C=C(C3=O)C(=O)O)C4CC4)F
72326,CC(=C)[C@@H]1CC[C@]2([C@H]1[C@H]3CC[C@@H]4[C@]5(CC[C@@H](C([C@@H]5CC[C@]4([C@@]3(CC2)C)C)(C)C)O)C)CO
16130511,CC[C@H](C)[C@@H](C(=O)N1CCC[C@H]1C(=O)N[C@@H](CC(C)C)C(=O)N[C@@H](CC(C)C)C(=O)N[C@@H](CC2=CN=CN2)C(=O)N[C@@H](CC(C)C)C(=O)N)NC(=O)[C@H](C(C)C)NC(=O)[C@@H]3CCCN3C(=O)[C@H](CO)NC(=O)[C@H](CC(C)C)NC(=O)[C@H](CCCCN)NC(=O)[C@H](CCCCN)NC(=O)[C@H](CC4=CC=CC=C4)NC(=O)[C@H](CC(C)C)NC(=O)[C@H](CCCCN)NC(=O)[C@H](CCCCN)NC(=O)[C@H](CC5=CC=CC=C5)NC(=O)[C@H](CCCCN)NC(=O)[C@H](CCCCN)NC(=O)[C@H](CCCNC(=N)N)NC(=O)[C@H](CC6=CC=CC=C6)NC(=O)[C@H](CCCNC(=N)N)NC(=O)[C@H](CCCCN)NC(=O)[C@H](CC7=CC=CC=C7)NC(=O)[C@H](CCCNC(=N)N)NC(=O)CN
16131512,CC[C@H](C)[C@@H](C(=O)N)NC(=O)[C@H](CCCNC(=N)N)NC(=O)[C@H]([C@@H](C)CC)NC(=O)[C@H]([C@@H](C)CC)NC(=O)[C@@H]1CCCN1C(=O)[C@H](C(C)C)NC(=O)[C@H]([C@@H](C)CC)NC(=O)[C@H]([C@@H](C)CC)NC(=O)[C@@H]2CCCN2C(=O)CNC(=O)[C@H](CC3=CC=C(C=C3)O)NC(=O)[C@H](CCCCN)NC(=O)[C@H](CCCCN)NC(=O)[C@H](CC4=CNC5=CC=CC=C54)NC(=O)[C@H](C)NC(=O)[C@H](CCCNC(=N)N)NC(=O)[C@H](CC(C)C)NC(=O)[C@H]([C@@H](C)CC)NC(=O)[C@H](CCCCN)NC(=O)[C@H](CCCNC(=N)N)NC(=O)CNC(=O)[C@H](CC(C)C)NC(=O)[C@H](CO)NC(=O)[C@H](CCCNC(=N)N)NC(=O)[C@H](CC(C)C)NC(=O)CNC(=O)CN
52942342,CCCCCCC1=C(C(=O)OC1=O)Br
14128,CCCCOC(=O)C1=CC(=C(C(=C1)O)O)O
24844,O.O.[Cl-].[Cl-].[Ca+2]
3000502,C[C@H]1C(=O)N[C@H](C(=O)N/C(=C/NC(=O)N)/C(=O)N[C@H](C(=O)NC[C@@H](C(=O)N1)N)[C@H]2CCN=C(N2)N)CNC(=O)C[C@H](CCCN)N.C1CN=C(N[C@H]1[C@H]2C(=O)NC[C@@H](C(=O)N[C@H](C(=O)N[C@H](C(=O)N/C(=C/NC(=O)N)/C(=O)N2)CNC(=O)C[C@H](CCCN)N)CO)N)N
71306969,CC(=O)N[C@@H]1[C@H](C([C@H](O[C@H]1OC2[C@H](O[C@H]([C@@H]([C@H]2O)N)O)CO)CO)O[C@H]3[C@@H]([C@H]([C@@H]([C@H](O3)CO)O)O)N)O
10255083,CC1=C2C(=CC(=C1C(=O)O)O)C(=O)C3=C(C2=O)C(=C(C(=C3O)O)[C@H]4[C@@H]([C@H]([C@@H]([C@H](O4)CO)O)O)O)O
9794197,C[N+](C)(C)CC(CC(=O)[O-])O.Cl
56935649,C[C@@H]\1CCC[C@@H]([C@H](OC(=O)[C@@H]([C@@H](/C=C1)O)O)/C(=C/[C@@H](C)C(=O)[C@H](C)[C@@H](CC(=O)O)OC)/C)C
9064,C1[C@@H]([C@H](OC2=CC(=CC(=C21)O)O)C3=CC(=C(C=C3)O)O)O
6419835,C1[C@H]([C@@H](OC2=CC(=CC(=C21)O)O)C3=CC(=C(C=C3)O)O)OC(=O)C4=CC(=C(C(=C4)O)O)O
16198951,CC[C@H](C)[C@@H](C(=O)NCC(=O)N[C@@H](CCCCN)C(=O)N[C@@H](CCC(=O)O)C(=O)N[C@@H](CC1=CC=CC=C1)C(=O)N[C@@H](CCCCN)C(=O)N[C@@H](CCCNC(=N)N)C(=O)N[C@@H]([C@@H](C)CC)C(=O)N[C@@H](C(C)C)C(=O)N[C@@H](CCC(=O)N)C(=O)N[C@@H](CCCNC(=N)N)C(=O)N[C@@H]([C@@H](C)CC)C(=O)N[C@@H](CCCCN)C(=O)N[C@@H](CC(=O)O)C(=O)N[C@@H](CC2=CC=CC=C2)C(=O)N[C@@H](CC(C)C)C(=O)N[C@@H](CCCNC(=N)N)C(=O)N[C@@H](CC(=O)N)C(=O)N[C@@H](CC(C)C)C(=O)N[C@@H](C(C)C)C(=O)N3CCC[C@H]3C(=O)N[C@@H](CCCNC(=N)N)C(=O)N[C@@H]([C@@H](C)O)C(=O)N[C@@H](CCC(=O)O)C(=O)N[C@@H](CO)C(=O)O)NC(=O)[C@H](CCCCN)NC(=O)[C@H](CCC(=O)O)NC(=O)[C@H](CCCCN)NC(=O)[C@H](CO)NC(=O)[C@H](CCCCN)NC(=O)[C@H](CCCNC(=N)N)NC(=O)[C@H](CC4=CC=CC=C4)NC(=O)[C@H](CC5=CC=CC=C5)NC(=O)[C@H](CC(=O)O)NC(=O)CNC(=O)[C@H](CC(C)C)NC(=O)[C@H](CC(C)C)N
47965,CC1=C(N2[C@@H]([C@@H](C2=O)NC(=O)[C@@H](C3=CC=C(C=C3)O)N)SC1)C(=O)O
21743,C1C(=C(N2[C@H](S1)[C@@H](C2=O)NC(=O)CC3=CC=CS3)C(=O)[O-])C[N+]4=CC=C(C=C4)C(=O)N
6024,CC(=O)OCC1=C(N2[C@@H]([C@@H](C2=O)NC(=O)CC3=CC=CS3)SC1)C(=O)O
456255,CN1C(=NN=N1)SCC2=C(N3[C@@H]([C@@H](C3=O)NC(=O)[C@@H](C4=CC=CC=C4)O)SC2)C(=O)O
30699,CC(=O)OCC1=C(N2[C@@H]([C@@H](C2=O)NC(=O)CSC3=CC=NC=C3)SC1)C(=O)O
9870843,CC1=C(SC=N1)/C=C\C2=C(N3[C@@H]([C@@H](C3=O)NC(=O)/C(=N\OC)/C4=CSC(=N4)N)SC2)C(=O)O
5362065,C=CC1=C(N2[C@@H]([C@@H](C2=O)NC(=O)/C(=N\OCC(=O)O)/C3=CSC(=N3)N)SC1)C(=O)O
9570757,CN1C(=NN=N1)SCC2=C(N3[C@@H]([C@@H](C3=O)NC(=O)/C(=N\OC)/C4=CSC(=N4)N)SC2)C(=O)O
42008,CN1C(=NN=N1)SCC2=C(N3[C@@H]([C@@](C3=O)(NC(=O)CSCC#N)OC)SC2)C(=O)O
43507,C1C(=C(N2[C@H](S1)[C@@H](C2=O)NC(=O)CC3=CC=CC=C3CN)C(=O)O)CSC4=NN=NN4CC(=O)O
5742673,CC(=O)OCC1=C(N2[C@@H]([C@@H](C2=O)NC(=O)/C(=N\OC)/C3=CSC(=N3)N)SC1)C(=O)O
53025,CN1C(=NN=N1)SCC2=C(N3[C@@H]([C@@](C3=O)(NC(=O)C4SC(=C(C(=O)N)C(=O)O)S4)OC)SC2)C(=O)O
43708,CN(C)CCN1C(=NN=N1)SCC2=C(N3[C@@H]([C@@H](C3=O)NC(=O)CC4=CSC(=N4)N)SC2)C(=O)O
441199,CO[C@@]1([C@@H]2N(C1=O)C(=C(CS2)COC(=O)N)C(=O)O)NC(=O)CC3=CC=CS3
5481173,CC(C)(C(=O)O)O/N=C(/C1=CSC(=N1)N)\C(=O)N[C@H]2[C@@H]3N(C2=O)C(=C(CS3)C[N+]4=CC=CC=C4)C(=O)[O-]
5479530,CN1C(=NC(=O)C(=O)N1)SCC2=C(N3[C@@H]([C@@H](C3=O)NC(=O)/C(=N\OC)/C4=CSC(=N4)N)SC2)C(=O)O
5479529,CO/N=C(/C1=CC=CO1)\C(=O)N[C@H]2[C@@H]3N(C2=O)C(=C(CS3)COC(=O)N)C(=O)O
27447,CC1=C(N2[C@@H]([C@@H](C2=O)NC(=O)[C@@H](C3=CC=CC=C3)N)SC1)C(=O)O
19150,CC(=O)OCC1=C(N2[C@@H]([C@@H](C2=O)NC(=O)[C@@H](C3=CC=CC=C3)N)SC1)C(=O)O
2703,C[N+]1=C2C(=C3C=CC(=C(C3=C1)OC)OC)C=CC4=CC5=C(C=C42)OCO5
71853,COC(=O)N[C@@H]1[C@H]([C@@H]([C@H](O[C@H]1O[C@@H]2[C@H](O[C@H]([C@@H]([C@H]2O)N)O[C@@H]3[C@H](O[C@H]([C@@H]([C@H]3O)N)O)CO)CO)CO)O[C@H]4[C@@H]([C@H]([C@@H]([C@H](O4)CO)O[C@H]5[C@@H]([C@H]([C@@H]([C@H](O5)CO)O[C@H]6[C@@H]([C@H]([C@@H]([C@H](O6)CO)O[C@H]7[C@@H]([C@H]([C@@H]([C@H](O7)CO)O[C@H]8[C@@H]([C@H]([C@@H]([C@H](O8)CO)O[C@H]9[C@@H]([C@H]([C@@H]([C@H](O9)CO)O)O)N)O)N)O)N)O)N)O)N)O)N)O
5959,C1=CC(=CC=C1[C@H]([C@@H](CO)NC(=O)C(Cl)Cl)O)[N+](=O)[O-]
9552079,C1=CC(=CC=C1N/C(=N/C(=NCCCCCCN=C(/N=C(/NC2=CC=C(C=C2)Cl)\N)N)N)/N)Cl
9562059,CC(=O)O.CC(=O)O.C1=CC(=CC=C1N/C(=N/C(=NCCCCCCN=C(/N=C(/NC2=CC=C(C=C2)Cl)\N)N)N)/N)Cl
2726,CN(C)CCCN1C2=CC=CC=C2SC3=C1C=C(C=C3)Cl
10208,CC1=CC2=C(C(=C1)O)C(=O)C3=C(C2=O)C=CC=C3O
2762,CCN1C2=CC3=C(C=C2C(=O)C(=N1)C(=O)O)OCO3
2764,C1CC1N2C=C(C(=O)C3=CC(=C(C=C32)N4CCNCC4)F)C(=O)O
84029,CC[C@@H]1[C@@]([C@@H]([C@H](C(=O)[C@@H](C[C@@]([C@@H]([C@H]([C@@H]([C@H](C(=O)O1)C)O[C@H]2C[C@@]([C@H]([C@@H](O2)C)O)(C)OC)C)O[C@H]3[C@@H]([C@H](C[C@H](O3)C)N(C)C)O)(C)OC)C)C)O)(C)O
446598,CCC[C@@H]1C[C@H](N(C1)C)C(=O)N[C@@H]([C@@H]2[C@@H]([C@@H]([C@H]([C@H](O2)SC)O)O)O)[C@H](C)Cl
2812,C1=CC=C(C=C1)C(C2=CC=CC=C2)(C3=CC=CC=C3Cl)N4C=CN=C4
6098,CC1=C(C(=NO1)C2=CC=CC=C2Cl)C(=O)N[C@H]3[C@@H]4N(C3=O)[C@H](C(S4)(C)C)C(=O)O
24462,[O-]S(=O)(=O)[O-].[Cu+2]
969516,COC1=C(C=CC(=C1)/C=C/C(=O)CC(=O)/C=C/C2=CC(=C(C=C2)O)OC)O
128861,C1=CC(=C(C=C1C2=[O+]C3=CC(=CC(=C3C=C2O)O)O)O)O
19003,CC1([C@@H](N2[C@H](S1)[C@@H](C2=O)NC(=O)C3(CCCCC3)N)C(=O)O)C
2907,C1CNP(=O)(OC1)N(CCCl)CCCl
16134627,CC(C)CCCCCCCCC(=O)N[C@@H]1[C@H]([C@@H]([C@H](O[C@H]1OC2=C3C=C4C=C2OC5=C(C=C(C=C5)[C@H]([C@H]6C(=O)N[C@@H](C7=C(C(=CC(=C7)O)O[C@@H]8[C@H]([C@H]([C@@H]([C@H](O8)CO)O)O)O)C9=C(C=CC(=C9)[C@H](C(=O)N6)NC(=O)[C@@H]4NC(=O)[C@@H]1C2=C(C(=CC(=C2)OC2=C(C=CC(=C2)[C@H](C(=O)N[C@H](CC2=CC=C(O3)C=C2)C(=O)N1)NC)O)O)Cl)O)C(=O)NCCCN(C)C)O)Cl)C(=O)O)O)O
6323289,CCN(CC)CCS(=O)(=O)[C@@H]1CCN2[C@H]1C(=O)O[C@@H]([C@@H](/C=C/C(=O)NC/C=C/C(=C/[C@H](CC(=O)CC3=NC(=CO3)C2=O)O)/C)C)C(C)C
2950,C1=CC2=C(C(=C1)O)C(=O)C3=C(C2=O)C=CC=C3O
18934410,CCCCCCCCCC(O)O
3033053,C[C@]12CCCCC[C@H]([C@@H]1N)CC3=C2C=C(C=C3)O
9012,C1=CC=C(C=C1)CSSCC2=CC=CC=C2
10867,C1=CC=C(C=C1)CSCC2=CC=CC=C2
18381,CC1=C(C(=NO1)C2=C(C=CC=C2Cl)Cl)C(=O)N[C@H]3[C@@H]4N(C3=O)[C@H](C(S4)(C)C)C(=O)O
2724385,C[C@@H]1[C@H]([C@H](C[C@@H](O1)O[C@@H]2[C@H](O[C@H](C[C@@H]2O)O[C@@H]3[C@H](O[C@H](C[C@@H]3O)O[C@H]4CC[C@]5([C@@H](C4)CC[C@@H]6[C@@H]5C[C@H]([C@]7([C@@]6(CC[C@@H]7C8=CC(=O)OC8)O)C)O)C)C)C)O)O
22994886,C1=CC=C2C(=C1)C(=C(O2)O)O
13436,C1=CC=C(C=C1)SSC2=CC=CC=C2
68134,C([C@@H](C(=O)O)N)SCSC[C@@H](C(=O)O)N
3198,C1=CC(=CC=C1COC(CN2C=CN=C2)C3=C(C=C(C=C3)Cl)Cl)Cl
75983512,CC1=C(C(=C(C2=CC=CC=C2)O)C(=O)C(C1=O)(CC=C(C)C)CC=C(C)C)O
3220,CC1=CC2=C(C(=C1)O)C(=O)C3=C(C2=O)C=C(C=C3O)O
3229,CCN1C=C(C(=O)C2=CC(=C(N=C21)N3CCNCC3)F)C(=O)O
72276,C1[C@H]([C@H](OC2=CC(=CC(=C21)O)O)C3=CC(=C(C=C3)O)O)O
107905,C1[C@H]([C@H](OC2=CC(=CC(=C21)O)O)C3=CC(=C(C=C3)O)O)OC(=O)C4=CC(=C(C(=C4)O)O)O
72277,C1[C@H]([C@H](OC2=CC(=CC(=C21)O)O)C3=CC(=C(C(=C3)O)O)O)O
65064,C1[C@H]([C@H](OC2=CC(=CC(=C21)O)O)C3=CC(=C(C(=C3)O)O)O)OC(=O)C4=CC(=C(C(=C4)O)O)O
150610,C[C@@H]1[C@@H]2[C@H](C(=O)N2C(=C1S[C@H]3C[C@H](NC3)C(=O)NC4=CC=CC(=C4)C(=O)O)C(=O)O)[C@@H](C)O
222285,C([C@H]([C@H](CO)O)O)O
12560,CC[C@@H]1[C@@]([C@@H]([C@H](C(=O)[C@@H](C[C@@]([C@@H]([C@H]([C@@H]([C@H](C(=O)O1)C)O[C@H]2C[C@@]([C@H]([C@@H](O2)C)O)(C)OC)C)O[C@H]3[C@@H]([C@H](C[C@H](O3)C)N(C)C)O)(C)O)C)C)O)(C)O
14052,CC[C@@H](CO)NCCN[C@@H](CC)CO
13250,CCOC(=O)C1=CC(=C(C(=C1)O)O)O
442088,CN1[C@@H]2C3=C(CCN2C(=O)C4=CC=CC=C41)C5=CC=CC=C5N3
445070,CC(=CCC/C(=C/CC/C(=C/CO)/C)/C)C
24380,Cl[Fe](Cl)Cl
3357,CN1CCN(CC1)C2=C(C=C3C(=C2F)N(C=C(C3=O)C(=O)O)CCF)F
21319,CC1=C(C(=NO1)C2=C(C=CC=C2Cl)F)C(=O)N[C@H]3[C@@H]4N(C3=O)[C@H](C(S4)(C)C)C(=O)O
5273568,COC1=C(C(=C2C(=C1)C=CC(=O)O2)O[C@H]3[C@@H]([C@H]([C@@H]([C@H](O3)CO)O)O)O)O
10131246,C1=C(/C(=C/Br)/OC1=O)Br
13964541,CC[C@@]1(C=C2C(=O)C(C(=O)C([C@@]2(OO1)O)(C)C)(C)C)C
370,C1=C(C=C(C(=C1O)O)O)C(=O)O
65084,C1[C@@H]([C@H](OC2=CC(=CC(=C21)O)O)C3=CC(=C(C(=C3)O)O)O)O
5276890,C1[C@@H]([C@H](OC2=CC(=CC(=C21)O)O)C3=CC(=C(C(=C3)O)O)O)OC(=O)C4=CC(=C(C(=C4)O)O)O
9571107,CO/N=C/1\CN(CC1CN)C2=C(C=C3C(=O)C(=CN(C3=N2)C4CC4)C(=O)O)F
5280961,C1=CC(=CC=C1C2=COC3=CC(=CC(=C3C2=O)O)O)O
5793,C([C@@H]1[C@H]([C@@H]([C@H](C(O1)O)O)O)O)O
2723639,C(C(=O)N)N.Cl
72474,CC1CN(CCN1)C2=C(C(=C3C(=C2)N(C=C(C3=O)C(=O)O)C4CC4)C)F
44584241,C1=C(C=C(C(=C1O)O)O)C(=O)OC[C@H]2[C@@H]([C@](C(O2)O)(COC(=O)C3=CC(=C(C(=C3)O)O)O)O)O
443387,CC1([C@@H](N2[C@H](S1)[C@@H](C2=O)N3C(=O)[C@H](NC3(C)C)C4=CC=CC=C4)C(=O)O)C
9831030,CCCCCCOC(=O)C1=CC(=C(C(=C1)O)O)O
16132417,C[C@@H](C(=O)N[C@@H](CCCCN)C(=O)N[C@@H](CCCNC(=N)N)C(=O)N[C@@H](CC1=CN=CN1)C(=O)N[C@@H](CC2=CN=CN2)C(=O)NCC(=O)N[C@@H](CC3=CC=C(C=C3)O)C(=O)N[C@@H](CCCCN)C(=O)N[C@@H](CCCNC(=N)N)C(=O)N[C@@H](CCCCN)C(=O)N[C@@H](CC4=CC=CC=C4)C(=O)N[C@@H](CC5=CN=CN5)C(=O)N[C@@H](CCC(=O)O)C(=O)N[C@@H](CCCCN)C(=O)N[C@@H](CC6=CN=CN6)C(=O)N[C@@H](CC7=CN=CN7)C(=O)N[C@@H](CO)C(=O)N[C@@H](CC8=CN=CN8)C(=O)N[C@@H](CCCNC(=N)N)C(=O)NCC(=O)N[C@@H](CC9=CC=C(C=C9)O)C(=O)O)NC(=O)[C@H](CC1=CN=CN1)NC(=O)[C@H](CO)NC(=O)[C@H](CC(=O)O)N
3663,CC1=CC(=O)C2=C(C3=C(C=C(C4=C3C5=C2C1=C6C(=CC(=O)C7=C(C8=C(C=C(C4=C8C5=C67)O)O)O)C)O)O)O
798,C1=CC=C2C(=C1)C=CN2
638278,C1=CC(=CC=C1/C=C/C(=O)C2=C(C=C(C=C2)O)O)O
5282165,C[C@@H]1C/C=C/C=C/[C@@H]([C@@H](C[C@@H]([C@@H]([C@H]([C@@H](CC(=O)O1)OC(=O)C)OC)O[C@H]2[C@@H]([C@H]([C@@H]([C@H](O2)C)O[C@H]3C[C@@]([C@H]([C@@H](O3)C)OC(=O)CC(C)C)(C)O)N(C)C)O)CC=O)C)O
73062,C[C@@]12CCC[C@@]([C@H]1CC[C@]34[C@H]2CC[C@H](C3)C(=C)C4)(C)C(=O)O
16132444,CC[C@H](C)[C@@H](C(=O)N[C@@H]([C@@H](C)O)C(=O)N[C@@H](CS)C(=O)N[C@@H](C(C)C)C(=O)N[C@@H](CCCNC(=N)N)C(=O)N[C@@H](CCCNC(=N)N)C(=O)N[C@@H](C)C(=O)N[C@@H](CC1=CC=CC=C1)C(=O)O)NC(=O)[C@H](CO)NC(=O)[C@@H]2CCCN2C(=O)[C@H](C)NC(=O)CNC(=O)[C@H](CC(C)C)NC(=O)[C@H](CCCCN)NC(=O)[C@H](CCCCN)NC(=O)[C@H](CCSC)NC(=O)[C@H](CCCNC(=N)N)NC(=O)[C@H](CC3=CNC4=CC=CC=C43)NC(=O)[C@H](CCC(=O)N)NC(=O)[C@H](CC5=CNC6=CC=CC=C65)NC(=O)[C@H](CCCNC(=N)N)NC(=O)[C@H](CCCNC(=N)N)NC(=O)[C@H](CS)NC(=O)[C@H](CCCCN)NC(=O)[C@H](CC7=CC=CC=C7)N
64735,Cl[La](Cl)Cl
5960,C([C@@H](C(=O)O)N)C(=O)O
439224,C1=C(NC=N1)C[C@@H](C(=O)O)NC(=O)CCN
72886,C([C@@H](C(=O)O)N)S(=O)(=O)O
89597,CC1=CC(=C(C=C1)NC(=O)C(C(=O)C)N=NC2=C(C=C(C(=C2)Cl)C3=CC(=C(C=C3Cl)N=NC(C(=O)C)C(=O)NC4=C(C=C(C=C4)C)C)Cl)Cl)C
149096,C[C@H]1COC2=C3N1C=C(C(=O)C3=CC(=C2N4CCN(CC4)C)F)C(=O)O
22311,CC1=CCC(CC1)C(=C)C
6549,CC(=CCCC(C)(C=C)O)C
114959,CC1CCC(C(C1)O)C(C)C.CC1=CC(=C(C=C1)C(C)C)O.CC1(C2CCC(O1)(CC2)C)C
3948,CCN1C=C(C(=O)C2=CC(=C(C(=C21)F)N3CCNC(C3)C)F)C(=O)O
6305,C1=CC=C2C(=C1)C(=CN2)C[C@@H](C(=O)O)N
5280445,C1=CC(=C(C=C1C2=CC(=O)C3=C(C=C(C=C3O2)O)O)O)O
155486971,CCC(C)C(C(=O)NCC(=O)NC(CCCCN)C(=O)NC(CC1=CC=CC=C1)C(=O)NC(CC(C)C)C(=O)NC(CC2=CN=CN2)C(=O)NC(CO)C(=O)NC(C)C(=O)NC(CCCCN)C(=O)NC(CCCCN)C(=O)NC(CC3=CC=CC=C3)C(=O)NCC(=O)NC(CCCCN)C(=O)NC(C)C(=O)NC(CC4=CC=CC=C4)C(=O)NC(C(C)C)C(=O)NCC(=O)NC(CCC(=O)O)C(=O)NC(C(C)CC)C(=O)NC(CCSC)C(=O)NC(CC(=O)N)C(=O)NC(CO)C(=O)O)NC(=O)CN
153241,COC1=C(C=CC(=C1)NC(=O)NC2=CC=CC(=C2)CNC(=O)O[C@H]3CCOC3)C4=CN=CO4
7428,COC(=O)C1=CC(=C(C(=C1)O)O)O
6087,CC1([C@@H](N2[C@H](S1)[C@@H](C2=O)NC(=O)C3=C(C=CC=C3OC)OC)C(=O)O)C
4173,CC1=NC=C(N1CCO)[N+](=O)[O-]
656511,CC1([C@@H](N2[C@H](S1)[C@@H](C2=O)NC(=O)[C@@H](C3=CC=CC=C3)NC(=O)N4CCN(C4=O)S(=O)(=O)C)C(=O)O)C
54675783,CN(C)[C@H]1[C@@H]2C[C@@H]3CC4=C(C=CC(=C4C(=C3C(=O)[C@@]2(C(=C(C1=O)C(=O)N)O)O)O)O)N(C)C
152946,COC1=C2C(=CC(=C1N3C[C@@H]4CCCN[C@@H]4C3)F)C(=O)C(=CN2C5CC5)C(=O)O
11005,CCCCCCCCCCCCCC(=O)O
24901250,CCCCCCCCCC(=O)CC(=O)NC1=C(C=C(C=C1)O)C
12035,CC(=O)N[C@@H](CS)C(=O)O
5234,[Na+].[Cl-]
8982,CCOC1=C(C2=CC=CC=C2C=C1)C(=O)N[C@H]3[C@@H]4N(C3=O)[C@H](C(S4)(C)C)C(=O)O
4477,C1=CC(=C(C=C1[N+](=O)[O-])Cl)NC(=O)C2=C(C=CC(=C2)Cl)O
4495,CS(=O)(=O)NC1=C(C=C(C=C1)[N+](=O)[O-])OC2=CC=CC=C2
4506,C1C(=O)NC2=C(C=C(C=C2)[N+](=O)[O-])C(=N1)C3=CC=CC=C3
26305,CC(C)([C@H]1CC2=C(O1)C=C3C(=C2)C=CC(=O)O3)O
4539,CCN1C=C(C(=O)C2=CC(=C(C=C21)N3CCNCC3)F)C(=O)O
6540478,CC[C@]12CC[C@H]3[C@H]([C@@H]1CC[C@]2(C#C)OC(=O)C)CCC4=C/C(=N/O)/CC[C@H]34
5942,C(CN)CNCCCN
54675769,CC1=C(C=CC2=C1OC(=O)C(=C2O)NC(=O)C3=CC(=C(C=C3)O)CC=C(C)C)O[C@H]4[C@@H]([C@@H]([C@H](C(O4)(C)C)OC)OC(=O)N)O
473591,CCCCCCCCCCCCCCCCCCOC(=O)C1=CC(=C(C(=C1)O)O)O
61253,CCCCCCCCOC(=O)C1=CC(=C(C(=C1)O)O)O
4583,CC1COC2=C3N1C=C(C(=O)C3=CC(=C2N4CCN(CC4)C)F)C(=O)O
6196,CC1=C(C(=NO1)C2=CC=CC=C2)C(=O)N[C@H]3[C@@H]4N(C3=O)[C@H](C(S4)(C)C)C(=O)O
5281087,CN1CCCN=C1/C=C/C2=CC(=CC=C2)O
54675779,C[C@@]1([C@H]2[C@@H]([C@H]3[C@@H](C(=O)C(=C([C@]3(C(=O)C2=C(C4=C1C=CC=C4O)O)O)O)C(=O)N)N(C)C)O)O
51081,CCN1C=C(C(=O)C2=CC(=C(C=C21)N3CCN(CC3)C)F)C(=O)O
1268111,CC(=C)C(=O)/C(=C/C(=O)O)/OC
16136437,CC(C)C[C@@H](C(=O)N[C@@H](CS)C(=O)N[C@@H](CC1=CC=C(C=C1)O)C(=O)N[C@@H](CS)C(=O)N[C@@H](CCCNC(=N)N)C(=O)N[C@@H](CCCNC(=N)N)C(=O)N[C@@H](CCCNC(=N)N)C(=O)N[C@@H](CC2=CC=CC=C2)C(=O)N[C@@H](CS)C(=O)N[C@@H](C(C)C)C(=O)N[C@@H](CS)C(=O)N[C@@H](C(C)C)C(=O)NCC(=O)N[C@@H](CCCNC(=N)N)C(=O)O)NC(=O)[C@H](CCCNC(=N)N)NC(=O)CNC(=O)CNC(=O)[C@H](CCCNC(=N)N)N
995,C1=CC=C2C(=C1)C=CC3=CC=CC=C32
6869,CC1([C@@H](N2[C@H](S1)[C@@H](C2=O)NC(=O)COC3=CC=CC=C3)C(=O)O)C
43672,CCN1CCN(C(=O)C1=O)C(=O)N[C@H](C2=CC=CC=C2)C(=O)N[C@H]3[C@@H]4N(C3=O)[C@H](C(S4)(C)C)C(=O)O
33478,CC1([C@@H](N2[C@H](S1)[C@@H](C2=O)NC(=O)[C@@H](C3=CC=CC=C3)N)C(=O)OCOC(=O)C(C)(C)C)C
115163,CC1([C@@H](N2[C@H](S1)[C@@H](C2=O)N=CN3CCCCCC3)C(=O)OCOC(=O)C(C)(C)C)C
16130552,C[C@H]([C@@H](C(=O)N[C@@H](CC1=CN=CN1)C(=O)N[C@@H](CC2=CC=C(C=C2)O)C(=O)N[C@@H](CC(C)C)C(=O)O)NC(=O)[C@H](CC(C)C)NC(=O)[C@H](C)NC(=O)[C@H](C)NC(=O)[C@H](CCCCN)NC(=O)CNC(=O)[C@H](C(C)C)NC(=O)[C@H](CC3=CN=CN3)NC(=O)[C@H](CCCCN)NC(=O)CNC(=O)[C@H](C(C)C)NC(=O)[C@H](CC4=CN=CN4)NC(=O)[C@H](C)NC(=O)[C@H](C)NC(=O)[C@H](CCCCN)NC(=O)[C@H](CCCCN)NC(=O)[C@H](CC5=CC=CC=C5)NC(=O)[C@H](CC6=CC=CC=C6)NC(=O)[C@H](CO)NC(=O)CNC(=O)[C@H](CC7=CNC8=CC=CC=C87)NC(=O)CN)O
9033,C1CN1
49800004,CCC(C)CCCCC(=O)N[C@@H](CCN)C(=O)N[C@@H]([C@@H](C)O)C(=O)N[C@@H](CCN)C(=O)N[C@H]1CCNC(=O)[C@@H](NC(=O)[C@@H](NC(=O)[C@@H](NC(=O)[C@@H](NC(=O)[C@H](NC(=O)[C@H](NC1=O)CCN)CC2=CC=CC=C2)CC(C)C)CCN)CCN)[C@@H](C)O
11995285,CCC(C)C(=O)C1=C(C=C(C2=C1O[C@]([C@H](C2)CC=C(C)C)(C)CC/C=C(\C)/CCC=C(C)C)O)O
4947,CCCOC(=O)C1=CC(=C(C(=C1)O)O)O
2763159,CCCCCCCC1=C(C(=O)C2=CC=CC=C2N1)O
1046,C1=CN=C(C=N1)C(=O)N
1174,C1=CNC(=O)NC1=O
6688,C1=CC=C2C(=C1)C(=O)C3=C(C=CC(=C3C2=O)O)O
1923,C1=CC2=C(C(=C1)O)N=CC=C2
5388937,CC[C@@H]1C(=O)N2CCC[C@H]2C(=O)N([C@H](C(=O)N3C[C@H](C(=O)C[C@H]3C(=O)N[C@H](C(=O)O[C@@H]([C@@H](C(=O)N1)NC(=O)C4=C(C=CC=N4)O)C)C5=CC=CC=C5)CS[C@@H]6CN7CCC6CC7)CC8=CC=C(C=C8)N(C)C)C
5770,CO[C@H]1[C@@H](C[C@@H]2CN3CCC4=C([C@H]3C[C@@H]2[C@@H]1C(=O)OC)NC5=C4C=CC(=C5)OC)OC(=O)C6=CC(=C(C(=C6)OC)OC)OC
10168,C1=CC2=C(C(=C1)O)C(=O)C3=C(C2=O)C=C(C=C3O)C(=O)O
12050020,CC(C)C[C@@H]1C2=C(C=C(C(=C2O)C(=O)CC(C)C)O)OC3=C1C(=O)C(C(=O)C3(C)C)(C)C
135398735,C[C@H]1/C=C/C=C(\C(=O)NC2=C(C(=C3C(=C2O)C(=C(C4=C3C(=O)[C@](O4)(O/C=C/[C@@H]([C@H]([C@H]([C@@H]([C@@H]([C@@H]([C@H]1O)C)O)C)OC(=O)C)C)OC)C)C)O)O)/C=N/N5CCN(CC5)C)/C
9941067,C[C@H]([C@@H](C(=O)N[C@@H](CC(=O)N)C(=O)N[C@@H](CC1=CC=CC=C1)C(=O)O)NC(=O)[C@H](CC2=CNC3=CC=CC=C32)NC(=O)[C@@H]4CCCN4C(=O)[C@H](CO)NC(=O)[C@H](CC5=CC=C(C=C5)O)N)O
58258,CN1CCN(CC1)C2=C(C=C3C4=C2SCCN4C=C(C3=O)C(=O)O)F
65752,C1CN2C(=NC3=CC=CC=C3C2=O)C4=C1C5=CC=CC=C5N4
16218879,C(CSC[C@@H](C(=O)O)N)N.Cl
16218806,C1=CSC(=C1)SC[C@@H](C(=O)O)N
16218551,CC1=CC=C(C=C1)SC[C@@H](C(=O)O)N
338,C1=CC=C(C(=C1)C(=O)O)O
5154,C[N+]1=C2C(=C3C=CC4=C(C3=C1)OCO4)C=CC5=CC6=C(C=C52)OCO6
1080,C(C(C(=O)O)N)SCC(=O)O
92826,C1=CC2=C(C(=C1)O)C(=O)C3=C([C@@H]2[C@@H]4C5=C(C(=CC=C5)O)C(=O)C6=C4C=C(C=C6O)C(=O)O)C=C(C=C3O)C(=O)O
92185,CCSC[C@@H](C(=O)O)N
16130275,CC[C@H](C)[C@H]1C(=O)N[C@H](C(=O)N[C@@H](CSSC[C@H]2C(=O)N[C@H](C(=O)N[C@H]3CC(=O)N[C@@H](CSSC[C@@H](C(=O)NCC(=O)N[C@H](C(=O)N[C@H](C(=O)N1)C)CC4=CC=C(C=C4)O)NC(=O)CNC(=O)[C@@H](NC(=O)[C@@H](NC3=O)CC5=CC=CC=C5)C)C(=O)N[C@H](C(=O)NCC(=O)N[C@H](C(=O)NCC(=O)N[C@H](C(=O)N2)CO)C(C)C)CC(C)C)CC(=O)N)C(=O)N[C@@H](CC6=CC=CC=C6)C(=O)N[C@@H](CC7=CNC8=CC=CC=C87)C(=O)O)C(C)C
23954,[Ag]
24470,[N+](=O)([O-])[O-].[Ag+]
65482,C1=NC(=C2C(=N1)N(C=N2)[C@H]3[C@@H]([C@@H]([C@H](O3)C[C@H](CC[C@@H](C(=O)O)N)N)O)O)N
24436,[O-]S(=O)(=O)[O-].[Na+].[Na+]
5282192,C1=C(C(=O)NC(=O)N1[C@H]2[C@H]([C@@H]([C@H](O2)CO)O)O)/C=C/Br
119462,C1=CC=C(C=C1)SC[C@@H](C(=O)O)N
125198,CCCSCC(C(=O)O)N
5274428,CC(=CCC/C(=C/CNCCNC1C2CC3CC(C2)CC1C3)/C)C
44227770,CCC(C)C1C(=O)NC(C(=O)NCC(=O)NC(C(=O)NC2(C(=O)NCC(=O)NC(C(=O)NC3(C(=O)NCC(=O)NC(C(=O)NC(C(=O)NCC(=O)NC(C(=O)NC(C(=O)NCC(=O)NC(CS3)C(=O)NC(C(=O)NC(C(=O)NC(CS2)C(=O)NC(C(=O)NC(C(=O)NCC(=O)NC(C(=O)NC(C(=O)NC4CSC(C(=O)NC(C(=O)N1)CCC(=O)O)(NC(=O)C(NC(=O)C5CCCN5C(=O)C(NC(=O)C6CCCN6C(=O)CNC(=O)C(NC(=O)C(NC(=O)C(NC4=O)CC(C)C)C(C)C)CC(=O)O)C(C)CC)CC(=O)O)CC7=CC=CC=C7)C)C)C(C)CC)CO)C(C)O)C)CCCCN)CC(=O)N)CC8=CNC9=CC=CC=C98)CC(C)C)CC1=CC=CC=C1)CC(C)C)C(C)O)C)C
1123,C(CS(=O)(=O)O)N
11230,CC1=CCC(CC1)(C(C)C)O
6989,CC1=CC(=C(C=C1)C(C)C)O
36294,C1[C@@H]([C@H]([C@@H]([C@H]([C@@H]1N)O[C@@H]2[C@@H]([C@H]([C@@H]([C@H](O2)CO)O)N)O)O)O[C@@H]3[C@@H](C[C@@H]([C@H](O3)CN)O)N)N
3005573,CN(C)CCOC1=CC=C(C=C1)/C(=C(/CCCl)\C2=CC=CC=C2)/C3=CC=CC=C3
5564,C1=CC(=C(C=C1Cl)O)OC2=C(C=C(C=C2)Cl)Cl
358641,CC1=CC(=NO1)NS(=O)(=O)C2=CC=C(C=C2)N.COC1=CC(=CC(=C1OC)OC)CC2=CN=C(N=C2N)N
62959,C1[C@@H]2[C@@H](C2N)CN1C3=C(C=C4C(=O)C(=CN(C4=N3)C5=C(C=C(C=C5)F)F)C(=O)O)F
10393,C1=CC(=CC=C1CCO)O
8180,CCCCCCCCCCC(=O)O
14969,C[C@H]1[C@H]([C@@](C[C@@H](O1)O[C@@H]2[C@H]([C@@H]([C@H](O[C@H]2OC3=C4C=C5C=C3OC6=C(C=C(C=C6)[C@H]([C@H](C(=O)N[C@H](C(=O)N[C@H]5C(=O)N[C@@H]7C8=CC(=C(C=C8)O)C9=C(C=C(C=C9O)O)[C@H](NC(=O)[C@H]([C@@H](C1=CC(=C(O4)C=C1)Cl)O)NC7=O)C(=O)O)CC(=O)N)NC(=O)[C@@H](CC(C)C)NC)O)Cl)CO)O)O)(C)N)O
2520,CC(C)C(CCCN(C)CCC1=CC(=C(C=C1)OC)OC)(C#N)C2=CC(=C(C=C2)OC)OC
135398671,C1[C@@H](N=C(N[C@H]1O)N)[C@H]2C(=O)NC[C@@H](C(=O)N[C@H](C(=O)N[C@H](C(=O)N/C(=C\NC(=O)N)/C(=O)N2)CO)CO)NC(=O)C[C@H](CCCN)N
5459319,C[C@@H]1/C=C/C(=O)NC/C=C/C(=C/[C@H](CC(=O)CC2=NC(=CO2)C(=O)N3CCC=C3C(=O)O[C@@H]1C(C)C)O)/C
445490,C1=CC=C(C=C1)CC[C@@H]([C@@H](CS(=O)(=O)CC2=CC=CC=C2)S)NC(=O)[C@H](CC3=CC=CC=C3)NC(=O)OCC4=CC=CC=C4
24424,[O-]S(=O)(=O)[O-].[Zn+2]
135398513,C1=NC2=C(N1COCCO)N=C(NC2=O)N
6917864,C[C@@H]1CC[C@H]2[C@H]([C@@H](O[C@H]3[C@@]24[C@H]1CC[C@](O3)(OO4)C)OC(=O)CCC(=O)O)C
2353,COC1=C(C2=C[N+]3=C(C=C2C=C1)C4=CC5=C(C=C4CC3)OCO5)OC
483477,CCCCCCCCCCCCCCCCOCCCOP(=O)(CO[C@@H](CN1C=CC(=NC1=O)N)CO)O
24360,CC[C@@]1(C2=C(COC1=O)C(=O)N3CC4=CC5=CC=CC=C5N=C4C3=C2)O
60613,C1=CN(C(=O)N=C1N)C[C@@H](CO)OCP(=O)(O)O
5284373,CC[C@H]1C(=O)N(CC(=O)N([C@H](C(=O)N[C@H](C(=O)N([C@H](C(=O)N[C@H](C(=O)N[C@@H](C(=O)N([C@H](C(=O)N([C@H](C(=O)N([C@H](C(=O)N([C@H](C(=O)N1)[C@@H]([C@H](C)C/C=C/C)O)C)C(C)C)C)CC(C)C)C)CC(C)C)C)C)C)CC(C)C)C)C(C)C)CC(C)C)C)C
3009,C(CC(C(F)F)(C(=O)O)N)CN
10219,CC[C@H]1CN2CCC3=CC(=C(C=C3[C@@H]2C[C@@H]1C[C@@H]4C5=CC(=C(C=C5CCN4)OC)OC)OC)OC
135409256,C1/C(=C/N2C=NC3=C2N=C(NC3=O)N)/C1(CO)CO
3415,C(=O)(O)P(=O)(O)O
135398740,C1=NC2=C(N1COC(CO)CO)N=C(NC2=O)N
123631,COC1=C(C=C2C(=C1)N=CN=C2NC3=CC(=C(C=C3)F)Cl)OCCCN4CCOCC4
14982,C[C@]12CC[C@](C[C@H]1C3=CC(=O)[C@@H]4[C@]5(CC[C@@H](C([C@@H]5CC[C@]4([C@@]3(CC2)C)C)(C)C)O[C@@H]6[C@@H]([C@H]([C@@H]([C@H](O6)C(=O)O)O)O)O[C@H]7[C@@H]([C@H]([C@@H]([C@H](O7)C(=O)O)O)O)O)C)(C)C(=O)O
3899,CC1=C(C=NO1)C(=O)NC2=CC=C(C=C2)C(F)(F)F
45138674,COC1=C(C=C(C=C1)C(F)(F)F)N2[C@H](C3=C(C(=CC=C3)F)N=C2N4CCN(CC4)C5=CC(=CC=C5)OC)CC(=O)O
135413519,C1[C@@H]([C@H]([C@@H]1N2C=NC3=C2N=C(NC3=O)N)CO)CO
441145,CC[C@]1(CC[C@@H](O1)[C@@]2(CC[C@@]3(O2)C[C@@H]([C@H]([C@H](O3)[C@@H](C)[C@H]([C@H](C)C(=O)O)OC)C)O)C)[C@H]4[C@H](C[C@@H](O4)[C@@H]5[C@H](C[C@H]([C@@](O5)(CO)O)C)C)C
445212,CC1=CN(C(=O)NC1=O)[C@H]2C[C@@H]([C@]3([C@@H]2C3)CO)O
4927,CC(CN1C2=CC=CC=C2SC3=CC=CC=C31)N(C)C
5284616,C[C@@H]1CC[C@H]2C[C@@H](/C(=C/C=C/C=C/[C@H](C[C@H](C(=O)[C@@H]([C@@H](/C(=C/[C@H](C(=O)C[C@H](OC(=O)[C@@H]3CCCCN3C(=O)C(=O)[C@@]1(O2)O)[C@H](C)C[C@@H]4CC[C@H]([C@@H](C4)OC)O)C)/C)O)OC)C)C)/C)OC
3085092,CC[C@H]([C@H]1CC[C@@H]([C@@H](O1)[C@@H](C)[C@@H]([C@H](C)C(=O)[C@H](CC)[C@@H]2[C@H](C[C@H]([C@]3(O2)C=C[C@H]([C@@]4(O3)CC[C@@](O4)(C)[C@H]5CC[C@@]([C@@H](O5)C)(CC)O)O)C)C)O)C)C(=O)O
10302451,CN1CCN(CC1)CCOC2=CC3=C(C(=C2)OC4CCOCC4)C(=NC=N3)NC5=C(C=CC6=C5OCO6)Cl
54454,CCC(C)(C)C(=O)O[C@H]1C[C@H](C=C2[C@H]1[C@H]([C@H](C=C2)C)CC[C@@H]3C[C@H](CC(=O)O3)O)C
54684141,C/C(=C(\C#N)/C(=O)NC1=CC=C(C=C1)C(F)(F)F)/O
135398742,CC(C)[C@@H](C(=O)OCCOCN1C=NC2=C1N=C(NC2=O)N)N
637566,CC(=CCC/C(=C/CO)/C)C
126456119,CC[C@H](C)[C@@H](C(=N[C@@H]([C@@H](C)O)C(=N[C@@H](CS)C(=N[C@@H](C(C)C)C(=N[C@@H](CCCNC(=N)N)C(=N[C@@H](CCCNC(=N)N)C(=N[C@@H](C)C(=N[C@@H](CC1=CC=CC=C1)C(=O)O)O)O)O)O)O)O)O)N=C([C@H](CO)N=C([C@@H]2CCCN2C(=O)[C@H](C)N=C(CN=C([C@H](CC(C)C)N=C([C@H](CCCCN)N=C([C@H](CCCCN)N=C([C@H](CCSC)N=C([C@H](CCCNC(=N)N)N=C([C@H](CC3=CNC4=CC=CC=C43)N=C([C@H](CCC(=N)O)N=C([C@H](CC5=CNC6=CC=CC=C65)N=C([C@H](CCCNC(=N)N)N=C([C@H](CCCNC(=N)N)N=C([C@H](CS)N=C([C@H](CCCCN)N=C([C@H](CC7=CC=CC=C7)N)O)O)O)O)O)O)O)O)O)O)O)O)O)O)O)O
139588800,CCCCCC(=O)NC(CC(C)C)C(=O)NC(CCC(=O)O)C(=O)NC(CC(C)C)C(=O)NC(C(C)CC)C(=O)NC(CCC(=O)N)C(=O)NC(CO)C(=O)NC(C(C)C)C(=O)NC(C(C)CC)C(=O)NC1COC(=O)C(NC(=O)C(NC(=O)C(NC1=O)CC(C)C)C(C)C)CO
139588801,CCCCCC(=O)NC(CC(C)C)C(=O)NC(CCC(=O)O)C(=O)NC(CC(C)C)C(=O)NC(C(C)CC)C(=O)NC(CCC(=O)N)C(=O)NC(CO)C(=O)NC(C(C)C)C(=O)NC(C(C)CC)C(=O)NC1COC(=O)C(NC(=O)C(NC(=O)C(NC1=O)C(C)CC)C(C)C)CO
